-- MySQL dump 10.13  Distrib 8.0.20, for Win64 (x86_64)
--
-- Host: 192.168.10.10    Database: auctioneer
-- ------------------------------------------------------
-- Server version	5.7.32-0ubuntu0.18.04.1

/*!40101 SET @OLD_CHARACTER_SET_CLIENT=@@CHARACTER_SET_CLIENT */;
/*!40101 SET @OLD_CHARACTER_SET_RESULTS=@@CHARACTER_SET_RESULTS */;
/*!40101 SET @OLD_COLLATION_CONNECTION=@@COLLATION_CONNECTION */;
/*!50503 SET NAMES utf8 */;
/*!40103 SET @OLD_TIME_ZONE=@@TIME_ZONE */;
/*!40103 SET TIME_ZONE='+00:00' */;
/*!40014 SET @OLD_UNIQUE_CHECKS=@@UNIQUE_CHECKS, UNIQUE_CHECKS=0 */;
/*!40014 SET @OLD_FOREIGN_KEY_CHECKS=@@FOREIGN_KEY_CHECKS, FOREIGN_KEY_CHECKS=0 */;
/*!40101 SET @OLD_SQL_MODE=@@SQL_MODE, SQL_MODE='NO_AUTO_VALUE_ON_ZERO' */;
/*!40111 SET @OLD_SQL_NOTES=@@SQL_NOTES, SQL_NOTES=0 */;

--
-- Table structure for table `bids`
--

DROP TABLE IF EXISTS `bids`;
/*!40101 SET @saved_cs_client     = @@character_set_client */;
/*!50503 SET character_set_client = utf8mb4 */;
CREATE TABLE `bids` (
  `id` int(10) unsigned NOT NULL AUTO_INCREMENT,
  `user_id` int(11) NOT NULL,
  `item_id` int(11) NOT NULL,
  `amount` decimal(10,2) NOT NULL,
  `created_at` timestamp NULL DEFAULT NULL,
  `updated_at` timestamp NULL DEFAULT NULL,
  PRIMARY KEY (`id`)
) ENGINE=InnoDB AUTO_INCREMENT=210 DEFAULT CHARSET=utf8 COLLATE=utf8_unicode_ci;
/*!40101 SET character_set_client = @saved_cs_client */;

--
-- Dumping data for table `bids`
--

LOCK TABLES `bids` WRITE;
/*!40000 ALTER TABLE `bids` DISABLE KEYS */;
INSERT INTO `bids` VALUES (1,1,1,0.01,'2021-10-17 11:05:02','2021-10-17 11:05:02'),(2,1,1,0.02,'2021-10-17 11:05:04','2021-10-17 11:05:04'),(3,1,1,0.03,'2021-10-17 11:05:05','2021-10-17 11:05:05'),(4,1,1,0.04,'2021-10-17 11:05:05','2021-10-17 11:05:05'),(5,1,1,0.05,'2021-10-17 11:05:08','2021-10-17 11:05:08'),(6,1,1,0.06,'2021-10-17 11:05:09','2021-10-17 11:05:09'),(7,1,1,0.07,'2021-10-17 11:05:09','2021-10-17 11:05:09'),(8,1,1,0.08,'2021-10-17 11:05:10','2021-10-17 11:05:10'),(9,1,1,0.09,'2021-10-17 11:05:10','2021-10-17 11:05:10'),(10,1,1,0.10,'2021-10-17 11:05:10','2021-10-17 11:05:10'),(11,1,1,0.11,'2021-10-17 11:05:10','2021-10-17 11:05:10'),(12,1,1,0.12,'2021-10-17 11:05:10','2021-10-17 11:05:10'),(13,1,1,0.13,'2021-10-17 11:05:11','2021-10-17 11:05:11'),(14,1,1,0.14,'2021-10-17 11:05:11','2021-10-17 11:05:11'),(15,1,1,0.15,'2021-10-17 11:05:11','2021-10-17 11:05:11'),(16,1,1,0.16,'2021-10-17 11:05:11','2021-10-17 11:05:11'),(17,1,1,0.17,'2021-10-17 11:05:11','2021-10-17 11:05:11'),(18,1,1,0.18,'2021-10-17 11:05:12','2021-10-17 11:05:12'),(19,1,1,0.19,'2021-10-17 11:05:12','2021-10-17 11:05:12'),(20,1,1,0.20,'2021-10-17 11:05:12','2021-10-17 11:05:12'),(21,1,1,0.21,'2021-10-17 11:05:12','2021-10-17 11:05:12'),(22,1,1,0.22,'2021-10-17 11:05:12','2021-10-17 11:05:12'),(23,1,1,0.23,'2021-10-17 11:05:12','2021-10-17 11:05:12'),(24,1,1,0.24,'2021-10-17 11:05:13','2021-10-17 11:05:13'),(25,1,1,0.25,'2021-10-17 11:05:13','2021-10-17 11:05:13'),(26,1,1,0.26,'2021-10-17 11:05:13','2021-10-17 11:05:13'),(27,1,1,0.27,'2021-10-17 11:05:13','2021-10-17 11:05:13'),(28,1,1,0.28,'2021-10-17 11:05:13','2021-10-17 11:05:13'),(29,1,1,0.29,'2021-10-17 11:05:14','2021-10-17 11:05:14'),(30,1,1,0.30,'2021-10-17 11:05:14','2021-10-17 11:05:14'),(31,1,1,0.31,'2021-10-17 11:05:14','2021-10-17 11:05:14'),(32,1,1,0.32,'2021-10-17 11:05:14','2021-10-17 11:05:14'),(33,1,1,0.33,'2021-10-17 11:05:15','2021-10-17 11:05:15'),(34,1,1,0.34,'2021-10-17 11:05:15','2021-10-17 11:05:15'),(35,1,1,0.35,'2021-10-17 11:05:15','2021-10-17 11:05:15'),(36,1,1,0.36,'2021-10-17 11:05:15','2021-10-17 11:05:15'),(37,1,1,0.37,'2021-10-17 11:05:15','2021-10-17 11:05:15'),(38,1,1,0.38,'2021-10-17 11:05:17','2021-10-17 11:05:17'),(39,1,1,0.39,'2021-10-17 11:05:17','2021-10-17 11:05:17'),(40,1,1,0.40,'2021-10-17 11:05:17','2021-10-17 11:05:17'),(41,1,1,0.41,'2021-10-17 11:05:18','2021-10-17 11:05:18'),(42,1,1,0.42,'2021-10-17 11:05:18','2021-10-17 11:05:18'),(43,1,1,0.43,'2021-10-17 11:05:18','2021-10-17 11:05:18'),(44,1,1,0.44,'2021-10-17 11:05:18','2021-10-17 11:05:18'),(45,1,1,0.45,'2021-10-17 11:05:18','2021-10-17 11:05:18'),(46,1,1,0.46,'2021-10-17 11:05:19','2021-10-17 11:05:19'),(47,1,1,0.47,'2021-10-17 11:05:19','2021-10-17 11:05:19'),(48,1,1,0.48,'2021-10-17 11:05:19','2021-10-17 11:05:19'),(49,1,1,0.49,'2021-10-17 11:05:19','2021-10-17 11:05:19'),(50,1,1,0.50,'2021-10-17 11:05:19','2021-10-17 11:05:19'),(51,1,1,0.51,'2021-10-17 11:05:19','2021-10-17 11:05:19'),(52,1,1,0.52,'2021-10-17 11:05:20','2021-10-17 11:05:20'),(53,1,1,0.53,'2021-10-17 11:05:20','2021-10-17 11:05:20'),(54,1,1,0.54,'2021-10-17 11:05:20','2021-10-17 11:05:20'),(55,1,1,0.55,'2021-10-17 11:05:20','2021-10-17 11:05:20'),(56,1,1,0.56,'2021-10-17 11:07:16','2021-10-17 11:07:16'),(57,1,1,0.57,'2021-10-17 11:07:17','2021-10-17 11:07:17'),(58,1,1,0.58,'2021-10-17 11:07:18','2021-10-17 11:07:18'),(59,1,1,0.59,'2021-10-17 11:07:19','2021-10-17 11:07:19'),(60,1,1,0.60,'2021-10-17 11:07:20','2021-10-17 11:07:20'),(61,1,1,0.61,'2021-10-17 11:07:20','2021-10-17 11:07:20'),(62,1,1,0.62,'2021-10-17 11:07:21','2021-10-17 11:07:21'),(63,1,1,0.63,'2021-10-17 11:07:22','2021-10-17 11:07:22'),(64,1,1,0.64,'2021-10-17 11:07:23','2021-10-17 11:07:23'),(65,1,1,0.65,'2021-10-17 11:07:23','2021-10-17 11:07:23'),(66,1,1,0.66,'2021-10-17 11:07:24','2021-10-17 11:07:24'),(67,1,1,0.67,'2021-10-17 11:07:25','2021-10-17 11:07:25'),(68,1,1,0.68,'2021-10-17 11:07:30','2021-10-17 11:07:30'),(69,1,1,0.69,'2021-10-17 11:07:30','2021-10-17 11:07:30'),(70,1,1,0.70,'2021-10-17 11:07:31','2021-10-17 11:07:31'),(71,1,1,0.71,'2021-10-17 11:07:31','2021-10-17 11:07:31'),(72,1,1,0.72,'2021-10-17 11:07:32','2021-10-17 11:07:32'),(73,1,1,0.73,'2021-10-17 11:07:32','2021-10-17 11:07:32'),(74,1,1,0.74,'2021-10-17 11:07:32','2021-10-17 11:07:32'),(75,1,1,0.75,'2021-10-17 11:07:32','2021-10-17 11:07:32'),(76,1,1,0.76,'2021-10-17 11:07:32','2021-10-17 11:07:32'),(77,1,1,0.77,'2021-10-17 11:07:33','2021-10-17 11:07:33'),(78,1,1,0.78,'2021-10-17 11:07:33','2021-10-17 11:07:33'),(79,1,1,0.79,'2021-10-17 11:07:33','2021-10-17 11:07:33'),(80,1,1,0.80,'2021-10-17 11:07:33','2021-10-17 11:07:33'),(81,1,1,0.81,'2021-10-17 11:07:34','2021-10-17 11:07:34'),(82,1,1,0.82,'2021-10-17 11:07:34','2021-10-17 11:07:34'),(83,1,1,0.83,'2021-10-17 11:07:34','2021-10-17 11:07:34'),(84,1,1,0.84,'2021-10-17 11:07:34','2021-10-17 11:07:34'),(85,1,1,0.85,'2021-10-17 11:07:35','2021-10-17 11:07:35'),(86,1,1,0.86,'2021-10-17 11:07:35','2021-10-17 11:07:35'),(87,1,1,0.87,'2021-10-17 11:07:35','2021-10-17 11:07:35'),(88,1,1,0.88,'2021-10-17 11:07:35','2021-10-17 11:07:35'),(89,1,1,0.89,'2021-10-17 11:07:35','2021-10-17 11:07:35'),(90,1,1,0.90,'2021-10-17 11:07:36','2021-10-17 11:07:36'),(91,1,1,0.91,'2021-10-17 11:07:36','2021-10-17 11:07:36'),(92,1,1,0.92,'2021-10-17 11:07:36','2021-10-17 11:07:36'),(93,1,1,0.93,'2021-10-17 11:07:36','2021-10-17 11:07:36'),(94,1,1,0.94,'2021-10-17 11:07:36','2021-10-17 11:07:36'),(95,1,1,0.95,'2021-10-17 11:07:36','2021-10-17 11:07:36'),(96,1,1,0.96,'2021-10-17 11:07:37','2021-10-17 11:07:37'),(97,1,1,0.97,'2021-10-17 11:07:37','2021-10-17 11:07:37'),(98,1,1,0.98,'2021-10-17 11:07:37','2021-10-17 11:07:37'),(99,1,1,0.99,'2021-10-17 11:07:37','2021-10-17 11:07:37'),(100,1,1,1.00,'2021-10-17 11:07:38','2021-10-17 11:07:38'),(101,1,1,1.01,'2021-10-17 11:07:39','2021-10-17 11:07:39'),(102,1,1,1.02,'2021-10-17 11:07:39','2021-10-17 11:07:39'),(103,1,1,1.03,'2021-10-17 11:07:39','2021-10-17 11:07:39'),(104,1,1,1.04,'2021-10-17 11:07:40','2021-10-17 11:07:40'),(105,1,1,1.05,'2021-10-17 11:07:40','2021-10-17 11:07:40'),(106,1,1,1.06,'2021-10-17 11:07:40','2021-10-17 11:07:40'),(107,1,1,1.07,'2021-10-17 11:07:40','2021-10-17 11:07:40'),(108,1,1,1.08,'2021-10-17 11:07:40','2021-10-17 11:07:40'),(109,1,1,1.09,'2021-10-17 11:07:40','2021-10-17 11:07:40'),(110,1,1,1.10,'2021-10-17 11:07:41','2021-10-17 11:07:41'),(111,1,1,1.11,'2021-10-17 11:07:41','2021-10-17 11:07:41'),(112,1,1,1.12,'2021-10-17 11:07:41','2021-10-17 11:07:41'),(113,1,1,1.13,'2021-10-17 11:07:42','2021-10-17 11:07:42'),(114,1,1,1.14,'2021-10-17 11:07:42','2021-10-17 11:07:42'),(115,1,1,1.15,'2021-10-17 11:07:42','2021-10-17 11:07:42'),(116,1,1,1.16,'2021-10-17 11:07:42','2021-10-17 11:07:42'),(117,1,1,1.17,'2021-10-17 11:07:42','2021-10-17 11:07:42'),(118,1,1,1.18,'2021-10-17 11:07:43','2021-10-17 11:07:43'),(119,1,1,1.19,'2021-10-17 11:07:43','2021-10-17 11:07:43'),(120,1,1,1.20,'2021-10-17 11:07:43','2021-10-17 11:07:43'),(121,1,1,1.21,'2021-10-17 11:07:43','2021-10-17 11:07:43'),(122,1,1,1.22,'2021-10-17 11:07:43','2021-10-17 11:07:43'),(123,1,1,1.23,'2021-10-17 11:07:44','2021-10-17 11:07:44'),(124,1,1,1.24,'2021-10-17 11:07:44','2021-10-17 11:07:44'),(125,1,1,1.25,'2021-10-17 11:07:44','2021-10-17 11:07:44'),(126,1,1,1.26,'2021-10-17 11:07:44','2021-10-17 11:07:44'),(127,1,1,1.27,'2021-10-17 11:09:09','2021-10-17 11:09:09'),(128,1,1,1.28,'2021-10-17 11:09:10','2021-10-17 11:09:10'),(129,1,1,1.29,'2021-10-17 11:09:10','2021-10-17 11:09:10'),(130,1,1,1.30,'2021-10-17 11:09:11','2021-10-17 11:09:11'),(131,1,1,1.31,'2021-10-17 11:09:11','2021-10-17 11:09:11'),(132,1,1,1.32,'2021-10-17 11:09:11','2021-10-17 11:09:11'),(133,1,1,1.33,'2021-10-17 11:09:12','2021-10-17 11:09:12'),(134,1,1,1.34,'2021-10-17 11:09:12','2021-10-17 11:09:12'),(135,1,1,1.35,'2021-10-17 11:09:12','2021-10-17 11:09:12'),(136,1,1,1.36,'2021-10-17 11:09:12','2021-10-17 11:09:12'),(137,1,1,1.37,'2021-10-17 11:09:12','2021-10-17 11:09:12'),(138,1,1,1.38,'2021-10-17 11:09:12','2021-10-17 11:09:12'),(139,1,1,1.39,'2021-10-17 11:09:13','2021-10-17 11:09:13'),(140,1,1,1.40,'2021-10-17 11:09:13','2021-10-17 11:09:13'),(141,1,1,1.41,'2021-10-17 11:09:13','2021-10-17 11:09:13'),(142,1,1,1.42,'2021-10-17 11:09:13','2021-10-17 11:09:13'),(143,1,1,1.43,'2021-10-17 11:09:13','2021-10-17 11:09:13'),(144,1,1,1.44,'2021-10-17 11:09:13','2021-10-17 11:09:13'),(145,1,1,1.45,'2021-10-17 11:09:14','2021-10-17 11:09:14'),(146,1,1,1.46,'2021-10-17 11:09:14','2021-10-17 11:09:14'),(147,1,1,1.47,'2021-10-17 11:09:14','2021-10-17 11:09:14'),(148,1,1,1.48,'2021-10-17 11:09:14','2021-10-17 11:09:14'),(149,1,1,1.49,'2021-10-17 11:09:14','2021-10-17 11:09:14'),(150,1,1,1.50,'2021-10-17 11:09:14','2021-10-17 11:09:14'),(151,1,1,1.51,'2021-10-17 11:09:15','2021-10-17 11:09:15'),(152,1,1,1.52,'2021-10-17 11:09:15','2021-10-17 11:09:15'),(153,1,1,1.53,'2021-10-17 11:09:15','2021-10-17 11:09:15'),(154,1,1,1.54,'2021-10-17 11:09:15','2021-10-17 11:09:15'),(155,1,1,1.55,'2021-10-17 11:09:15','2021-10-17 11:09:15'),(156,1,1,1.56,'2021-10-17 11:09:16','2021-10-17 11:09:16'),(157,1,1,1.57,'2021-10-17 11:09:16','2021-10-17 11:09:16'),(158,1,1,1.58,'2021-10-17 11:09:16','2021-10-17 11:09:16'),(159,1,1,1.59,'2021-10-17 11:09:16','2021-10-17 11:09:16'),(160,1,1,1.60,'2021-10-17 11:09:16','2021-10-17 11:09:16'),(161,1,1,1.61,'2021-10-17 11:09:16','2021-10-17 11:09:16'),(162,1,1,1.62,'2021-10-17 11:09:17','2021-10-17 11:09:17'),(163,1,1,1.63,'2021-10-17 11:09:17','2021-10-17 11:09:17'),(164,1,1,1.64,'2021-10-17 11:09:17','2021-10-17 11:09:17'),(165,1,1,1.65,'2021-10-17 11:09:17','2021-10-17 11:09:17'),(166,1,1,1.66,'2021-10-17 11:09:17','2021-10-17 11:09:17'),(167,1,1,1.67,'2021-10-17 11:09:25','2021-10-17 11:09:25'),(168,1,1,1.68,'2021-10-17 11:09:26','2021-10-17 11:09:26'),(169,1,1,1.69,'2021-10-17 11:09:26','2021-10-17 11:09:26'),(170,1,1,1.70,'2021-10-17 11:09:26','2021-10-17 11:09:26'),(171,1,1,1.71,'2021-10-17 11:09:27','2021-10-17 11:09:27'),(172,1,1,1.72,'2021-10-17 11:09:27','2021-10-17 11:09:27'),(173,1,1,1.73,'2021-10-17 11:13:02','2021-10-17 11:13:02'),(174,1,1,1.74,'2021-10-17 11:13:03','2021-10-17 11:13:03'),(175,1,1,1.75,'2021-10-17 11:13:04','2021-10-17 11:13:04'),(176,1,1,1.76,'2021-10-17 11:13:05','2021-10-17 11:13:05'),(177,1,1,1.77,'2021-10-17 11:13:06','2021-10-17 11:13:06'),(178,1,2,0.01,'2021-10-17 13:08:36','2021-10-17 13:08:36'),(179,1,2,0.02,'2021-10-17 13:08:40','2021-10-17 13:08:40'),(180,1,2,0.03,'2021-10-17 13:10:51','2021-10-17 13:10:51'),(181,1,2,0.04,'2021-10-17 13:10:51','2021-10-17 13:10:51'),(182,1,2,0.05,'2021-10-17 13:10:52','2021-10-17 13:10:52'),(183,1,2,0.06,'2021-10-17 13:10:53','2021-10-17 13:10:53'),(184,1,2,0.07,'2021-10-17 13:10:54','2021-10-17 13:10:54'),(185,1,7,0.01,'2021-10-17 18:11:08','2021-10-17 18:11:08'),(186,1,7,0.02,'2021-10-17 18:11:09','2021-10-17 18:11:09'),(187,1,7,0.03,'2021-10-17 18:11:10','2021-10-17 18:11:10'),(188,1,7,0.04,'2021-10-17 18:11:10','2021-10-17 18:11:10'),(189,1,7,0.05,'2021-10-17 18:11:10','2021-10-17 18:11:10'),(190,1,7,0.06,'2021-10-17 18:11:10','2021-10-17 18:11:10'),(191,1,7,0.07,'2021-10-17 18:11:11','2021-10-17 18:11:11'),(192,1,7,0.08,'2021-10-17 18:11:11','2021-10-17 18:11:11'),(193,1,7,0.09,'2021-10-17 18:11:11','2021-10-17 18:11:11'),(194,1,7,0.10,'2021-10-17 18:11:11','2021-10-17 18:11:11'),(195,1,7,0.11,'2021-10-17 18:11:11','2021-10-17 18:11:11'),(196,1,7,0.12,'2021-10-17 18:11:11','2021-10-17 18:11:11'),(197,1,7,0.13,'2021-10-17 18:11:12','2021-10-17 18:11:12'),(198,1,7,0.14,'2021-10-17 18:11:12','2021-10-17 18:11:12'),(199,1,7,0.15,'2021-10-17 18:11:12','2021-10-17 18:11:12'),(200,1,7,0.16,'2021-10-17 18:11:12','2021-10-17 18:11:12'),(201,1,7,0.17,'2021-10-17 18:11:12','2021-10-17 18:11:12'),(202,1,7,0.18,'2021-10-17 18:11:13','2021-10-17 18:11:13'),(203,1,7,0.19,'2021-10-17 18:11:13','2021-10-17 18:11:13'),(204,1,7,0.20,'2021-10-17 18:11:13','2021-10-17 18:11:13'),(205,1,7,0.21,'2021-10-17 18:11:13','2021-10-17 18:11:13'),(206,1,7,0.22,'2021-10-17 18:11:13','2021-10-17 18:11:13'),(207,1,7,0.23,'2021-10-17 18:11:14','2021-10-17 18:11:14'),(208,1,7,0.24,'2021-10-17 18:11:14','2021-10-17 18:11:14'),(209,1,7,0.25,'2021-10-17 18:11:14','2021-10-17 18:11:14');
/*!40000 ALTER TABLE `bids` ENABLE KEYS */;
UNLOCK TABLES;

--
-- Table structure for table `categories`
--

DROP TABLE IF EXISTS `categories`;
/*!40101 SET @saved_cs_client     = @@character_set_client */;
/*!50503 SET character_set_client = utf8mb4 */;
CREATE TABLE `categories` (
  `id` int(10) unsigned NOT NULL AUTO_INCREMENT,
  `title` varchar(255) COLLATE utf8_unicode_ci NOT NULL,
  `slug` varchar(255) COLLATE utf8_unicode_ci NOT NULL,
  `created_at` timestamp NULL DEFAULT NULL,
  `updated_at` timestamp NULL DEFAULT NULL,
  PRIMARY KEY (`id`),
  UNIQUE KEY `categories_slug_unique` (`slug`)
) ENGINE=InnoDB AUTO_INCREMENT=8 DEFAULT CHARSET=utf8 COLLATE=utf8_unicode_ci;
/*!40101 SET character_set_client = @saved_cs_client */;

--
-- Dumping data for table `categories`
--

LOCK TABLES `categories` WRITE;
/*!40000 ALTER TABLE `categories` DISABLE KEYS */;
INSERT INTO `categories` VALUES (1,'Home & Garden','home-garden','2021-10-17 10:51:03','2021-10-17 10:51:03'),(2,'Leisure','leisure','2021-10-17 10:51:03','2021-10-17 10:51:03'),(3,'Gifts','gifts','2021-10-17 10:51:03','2021-10-17 10:51:03'),(4,'Kids','kids','2021-10-17 10:51:03','2021-10-17 10:51:03'),(5,'Technology','technology','2021-10-17 10:51:03','2021-10-17 10:51:03'),(6,'Reading','reading','2021-10-17 10:51:03','2021-10-17 10:51:03'),(7,'Automotive','automotive','2021-10-17 10:51:03','2021-10-17 10:51:03');
/*!40000 ALTER TABLE `categories` ENABLE KEYS */;
UNLOCK TABLES;

--
-- Table structure for table `category_item`
--

DROP TABLE IF EXISTS `category_item`;
/*!40101 SET @saved_cs_client     = @@character_set_client */;
/*!50503 SET character_set_client = utf8mb4 */;
CREATE TABLE `category_item` (
  `category_id` int(11) NOT NULL,
  `item_id` int(11) NOT NULL,
  `created_at` timestamp NULL DEFAULT NULL,
  `updated_at` timestamp NULL DEFAULT NULL,
  KEY `category_item_category_id_index` (`category_id`),
  KEY `category_item_item_id_index` (`item_id`)
) ENGINE=InnoDB DEFAULT CHARSET=utf8 COLLATE=utf8_unicode_ci;
/*!40101 SET character_set_client = @saved_cs_client */;

--
-- Dumping data for table `category_item`
--

LOCK TABLES `category_item` WRITE;
/*!40000 ALTER TABLE `category_item` DISABLE KEYS */;
INSERT INTO `category_item` VALUES (2,1,NULL,NULL),(1,2,NULL,NULL),(3,3,NULL,NULL),(5,4,NULL,NULL),(5,5,NULL,NULL),(6,6,NULL,NULL),(5,7,NULL,NULL);
/*!40000 ALTER TABLE `category_item` ENABLE KEYS */;
UNLOCK TABLES;

--
-- Table structure for table `items`
--

DROP TABLE IF EXISTS `items`;
/*!40101 SET @saved_cs_client     = @@character_set_client */;
/*!50503 SET character_set_client = utf8mb4 */;
CREATE TABLE `items` (
  `id` int(10) unsigned NOT NULL AUTO_INCREMENT,
  `user_id` int(10) unsigned NOT NULL,
  `title` varchar(255) COLLATE utf8_unicode_ci NOT NULL,
  `description` text COLLATE utf8_unicode_ci NOT NULL,
  `price` decimal(10,2) NOT NULL,
  `active` tinyint(1) NOT NULL DEFAULT '1',
  `end_time` datetime NOT NULL,
  `deleted_at` timestamp NULL DEFAULT NULL,
  `created_at` timestamp NULL DEFAULT NULL,
  `updated_at` timestamp NULL DEFAULT NULL,
  `slug` varchar(255) COLLATE utf8_unicode_ci NOT NULL,
  PRIMARY KEY (`id`),
  UNIQUE KEY `items_slug_unique` (`slug`),
  KEY `items_user_id_index` (`user_id`),
  KEY `items_price_index` (`price`),
  CONSTRAINT `items_user_id_foreign` FOREIGN KEY (`user_id`) REFERENCES `users` (`id`) ON DELETE CASCADE
) ENGINE=InnoDB AUTO_INCREMENT=8 DEFAULT CHARSET=utf8 COLLATE=utf8_unicode_ci;
/*!40101 SET character_set_client = @saved_cs_client */;

--
-- Dumping data for table `items`
--

LOCK TABLES `items` WRITE;
/*!40000 ALTER TABLE `items` DISABLE KEYS */;
INSERT INTO `items` VALUES (1,1,'fcdb','fdgdf',0.00,1,'2021-10-17 11:15:36',NULL,'2021-10-17 11:04:36','2021-10-17 11:04:36','fcdb'),(2,1,'ii','jj',0.00,1,'2021-10-17 13:11:30',NULL,'2021-10-17 13:08:30','2021-10-17 13:08:30','ii'),(3,1,'eqwewq','ewqe',0.00,1,'2021-10-17 13:40:37',NULL,'2021-10-17 13:12:37','2021-10-17 13:12:37','eqwewq'),(4,1,'strt','reterter',0.00,1,'2021-10-17 13:37:47',NULL,'2021-10-17 13:35:47','2021-10-17 13:35:47','strt'),(5,1,'ytj','jghj',0.00,1,'2021-10-17 13:39:56',NULL,'2021-10-17 13:35:56','2021-10-17 13:35:56','ytj'),(6,1,'refgjghhj','ree',12.00,1,'2021-10-17 13:42:12',NULL,'2021-10-17 13:36:12','2021-10-17 13:36:12','refgjghhj'),(7,1,'Gold','New Gold',0.00,1,'2021-10-17 18:12:44',NULL,'2021-10-17 18:10:44','2021-10-17 18:10:44','gold');
/*!40000 ALTER TABLE `items` ENABLE KEYS */;
UNLOCK TABLES;

--
-- Table structure for table `migrations`
--

DROP TABLE IF EXISTS `migrations`;
/*!40101 SET @saved_cs_client     = @@character_set_client */;
/*!50503 SET character_set_client = utf8mb4 */;
CREATE TABLE `migrations` (
  `migration` varchar(255) COLLATE utf8_unicode_ci NOT NULL,
  `batch` int(11) NOT NULL
) ENGINE=InnoDB DEFAULT CHARSET=utf8 COLLATE=utf8_unicode_ci;
/*!40101 SET character_set_client = @saved_cs_client */;

--
-- Dumping data for table `migrations`
--

LOCK TABLES `migrations` WRITE;
/*!40000 ALTER TABLE `migrations` DISABLE KEYS */;
INSERT INTO `migrations` VALUES ('2014_10_12_000000_create_users_table',1),('2014_10_12_100000_create_password_resets_table',1),('2016_07_08_121613_create_items_table',1),('2016_07_08_123708_add_slug_field_to_items_table',1),('2016_07_08_215618_create_categories_table',1),('2016_07_08_220158_create_category_item_pivot_table',1),('2016_07_09_133956_create_bids_table',1);
/*!40000 ALTER TABLE `migrations` ENABLE KEYS */;
UNLOCK TABLES;

--
-- Table structure for table `password_resets`
--

DROP TABLE IF EXISTS `password_resets`;
/*!40101 SET @saved_cs_client     = @@character_set_client */;
/*!50503 SET character_set_client = utf8mb4 */;
CREATE TABLE `password_resets` (
  `email` varchar(255) COLLATE utf8_unicode_ci NOT NULL,
  `token` varchar(255) COLLATE utf8_unicode_ci NOT NULL,
  `created_at` timestamp NULL DEFAULT NULL,
  KEY `password_resets_email_index` (`email`),
  KEY `password_resets_token_index` (`token`)
) ENGINE=InnoDB DEFAULT CHARSET=utf8 COLLATE=utf8_unicode_ci;
/*!40101 SET character_set_client = @saved_cs_client */;

--
-- Dumping data for table `password_resets`
--

LOCK TABLES `password_resets` WRITE;
/*!40000 ALTER TABLE `password_resets` DISABLE KEYS */;
/*!40000 ALTER TABLE `password_resets` ENABLE KEYS */;
UNLOCK TABLES;

--
-- Table structure for table `users`
--

DROP TABLE IF EXISTS `users`;
/*!40101 SET @saved_cs_client     = @@character_set_client */;
/*!50503 SET character_set_client = utf8mb4 */;
CREATE TABLE `users` (
  `id` int(10) unsigned NOT NULL AUTO_INCREMENT,
  `name` varchar(255) COLLATE utf8_unicode_ci NOT NULL,
  `email` varchar(255) COLLATE utf8_unicode_ci NOT NULL,
  `password` varchar(255) COLLATE utf8_unicode_ci NOT NULL,
  `remember_token` varchar(100) COLLATE utf8_unicode_ci DEFAULT NULL,
  `created_at` timestamp NULL DEFAULT NULL,
  `updated_at` timestamp NULL DEFAULT NULL,
  PRIMARY KEY (`id`),
  UNIQUE KEY `users_email_unique` (`email`)
) ENGINE=InnoDB AUTO_INCREMENT=2 DEFAULT CHARSET=utf8 COLLATE=utf8_unicode_ci;
/*!40101 SET character_set_client = @saved_cs_client */;

--
-- Dumping data for table `users`
--

LOCK TABLES `users` WRITE;
/*!40000 ALTER TABLE `users` DISABLE KEYS */;
INSERT INTO `users` VALUES (1,'Faiz Akhtar','faizakhtar.jmi@gmail.com','$2y$10$46DSQOF3NdOIIiwQIY8qF.AZEQtcDFxtRu2iYLDHiFkwtGIpakK3K','V54NsyHyKe7v49rdgLMYKrSvmOFsrdkHV5fIa3PLrTQhFzRwJiFsmBvsyZM3','2021-10-17 10:51:26','2021-10-17 13:11:21');
/*!40000 ALTER TABLE `users` ENABLE KEYS */;
UNLOCK TABLES;
/*!40103 SET TIME_ZONE=@OLD_TIME_ZONE */;

/*!40101 SET SQL_MODE=@OLD_SQL_MODE */;
/*!40014 SET FOREIGN_KEY_CHECKS=@OLD_FOREIGN_KEY_CHECKS */;
/*!40014 SET UNIQUE_CHECKS=@OLD_UNIQUE_CHECKS */;
/*!40101 SET CHARACTER_SET_CLIENT=@OLD_CHARACTER_SET_CLIENT */;
/*!40101 SET CHARACTER_SET_RESULTS=@OLD_CHARACTER_SET_RESULTS */;
/*!40101 SET COLLATION_CONNECTION=@OLD_COLLATION_CONNECTION */;
/*!40111 SET SQL_NOTES=@OLD_SQL_NOTES */;

-- Dump completed on 2021-10-19  2:13:09
